use movistar;

-- Inserts para la tabla usuarios
INSERT INTO usuarios (id_usuario, nombre, apellido, direccion, telefono, email, fecha_registro, categoria_usuario) VALUES
(1, 'Juan', 'Pérez', 'Calle Falsa 123', '555-1234', 'juan.perez@email.com', '2024-01-01', 'REGULAR'),
(2, 'Ana', 'González', 'Av. Libertad 456', '555-5678', 'ana.gonzalez@email.com', '2024-01-02', 'NUEVO'),
(3, 'Luis', 'Martínez', 'Calle Principal 789', '555-9876', 'luis.martinez@email.com', '2024-01-03', 'LEAL'),
(4, 'Maria', 'López', 'Calle Secundaria 321', '555-6543', 'maria.lopez@email.com', '2024-01-04', 'REGULAR'),
(5, 'Carlos', 'Rodríguez', 'Calle Tercera 654', '555-4321', 'carlos.rodriguez@email.com', '2024-01-05', 'LEAL'),
(6, 'Elena', 'Hernández', 'Av. Los Pinos 987', '555-8765', 'elena.hernandez@email.com', '2024-01-06', 'NUEVO'),
(7, 'Pedro', 'García', 'Calle Cuarta 321', '555-1235', 'pedro.garcia@email.com', '2024-01-07', 'REGULAR'),
(8, 'Sofía', 'Martínez', 'Av. Independencia 432', '555-7654', 'sofia.martinez@email.com', '2024-01-08', 'LEAL'),
(9, 'Javier', 'Vázquez', 'Calle Estrella 654', '555-3210', 'javier.vazquez@email.com', '2024-01-09', 'REGULAR'),
(10, 'Luisa', 'Pérez', 'Av. Norte 987', '555-2345', 'luisa.perez@email.com', '2024-01-10', 'NUEVO'),
(11, 'Martín', 'Sánchez', 'Calle Luna 123', '555-3456', 'martin.sanchez@email.com', '2024-01-11', 'LEAL'),
(12, 'Raquel', 'Ramírez', 'Calle Sol 654', '555-5679', 'raquel.ramirez@email.com', '2024-01-12', 'REGULAR'),
(13, 'Felipe', 'Gómez', 'Calle Norte 321', '555-8763', 'felipe.gomez@email.com', '2024-01-13', 'NUEVO'),
(14, 'Mariana', 'Torres', 'Av. Centro 987', '555-7659', 'mariana.torres@email.com', '2024-01-14', 'LEAL'),
(15, 'Eduardo', 'Díaz', 'Calle Bella 543', '555-4326', 'eduardo.diaz@email.com', '2024-01-15', 'REGULAR'),
(16, 'Victoria', 'Álvarez', 'Calle Oeste 210', '555-6547', 'victoria.alvarez@email.com', '2024-01-16', 'NUEVO'),
(17, 'Raúl', 'Paredes', 'Av. Litoral 876', '555-3421', 'raul.paredes@email.com', '2024-01-17', 'LEAL'),
(18, 'Carmen', 'Blanco', 'Calle Este 432', '555-7655', 'carmen.blanco@email.com', '2024-01-18', 'REGULAR'),
(19, 'Antonio', 'Serrano', 'Calle Río 654', '555-9872', 'antonio.serrano@email.com', '2024-01-19', 'LEAL'),
(20, 'Julia', 'Morales', 'Av. Pinar 123', '555-8761', 'julia.morales@email.com', '2024-01-20', 'NUEVO'),
(21, 'Alfredo', 'Jiménez', 'Calle Arenal 987', '555-4327', 'alfredo.jimenez@email.com', '2024-01-21', 'REGULAR'),
(22, 'Beatriz', 'Fernández', 'Calle Sierra 654', '555-1239', 'beatriz.fernandez@email.com', '2024-01-22', 'LEAL'),
(23, 'Raul', 'Luna', 'Calle Sol 345', '555-6789', 'raul.luna@email.com', '2024-01-23', 'REGULAR'),
(24, 'Teresa', 'Reyes', 'Av. Pueblos 234', '555-2347', 'teresa.reyes@email.com', '2024-01-24', 'LEAL'),
(25, 'Fernando', 'Castro', 'Calle Sur 987', '555-8760', 'fernando.castro@email.com', '2024-01-25', 'NUEVO'),
(26, 'Olga', 'Ruiz', 'Calle Valle 543', '555-1238', 'olga.ruiz@email.com', '2024-01-26', 'REGULAR'),
(27, 'Salvador', 'Díaz', 'Calle Nueva 654', '555-4329', 'salvador.diaz@email.com', '2024-01-27', 'LEAL'),
(28, 'Inés', 'Vera', 'Calle Bella 765', '555-2340', 'ines.vera@email.com', '2024-01-28', 'NUEVO'),
(29, 'Adrián', 'Gómez', 'Av. Oeste 345', '555-8763', 'adrian.gomez@email.com', '2024-01-29', 'REGULAR'),
(30, 'Sandra', 'Castillo', 'Calle Este 432', '555-5432', 'sandra.castillo@email.com', '2024-01-30', 'LEAL'),
(31, 'Alba', 'González', 'Calle Parque 876', '555-7652', 'alba.gonzalez@email.com', '2024-02-01', 'NUEVO'),
(32, 'Martín', 'Suárez', 'Calle Libertad 987', '555-8764', 'martin.suarez@email.com', '2024-02-02', 'REGULAR'),
(33, 'Susana', 'Méndez', 'Av. Norte 210', '555-4325', 'susana.mendez@email.com', '2024-02-03', 'LEAL'),
(34, 'Jorge', 'Guerrero', 'Calle Falsa 321', '555-6548', 'jorge.guerrero@email.com', '2024-02-04', 'REGULAR'),
(35, 'María', 'Reyes', 'Av. Mar 654', '555-1236', 'maria.reyes@email.com', '2024-02-05', 'LEAL'),
(36, 'Guillermo', 'Santos', 'Calle Alta 987', '555-3217', 'guillermo.santos@email.com', '2024-02-06', 'NUEVO'),
(37, 'Lorena', 'Vega', 'Calle Paz 432', '555-7650', 'lorena.vega@email.com', '2024-02-07', 'REGULAR'),
(38, 'Pedro', 'Hidalgo', 'Calle Granada 123', '555-8768', 'pedro.hidalgo@email.com', '2024-02-08', 'LEAL'),
(39, 'Clara', 'Sánchez', 'Av. Loma 654', '555-4328', 'clara.sanchez@email.com', '2024-02-09', 'NUEVO'),
(40, 'Ricardo', 'Blanco', 'Calle Ríos 210', '555-3218', 'ricardo.blanco@email.com', '2024-02-10', 'REGULAR'),
(41, 'Esteban', 'Reyes', 'Calle Noche 987', '555-8769', 'esteban.reyes@email.com', '2024-02-11', 'LEAL'),
(42, 'Raúl', 'Gutiérrez', 'Av. Mar 765', '555-4322', 'raul.gutierrez@email.com', '2024-02-12', 'NUEVO'),
(43, 'Verónica', 'López', 'Calle Sol 876', '555-8767', 'veronica.lopez@email.com', '2024-02-13', 'REGULAR'),
(44, 'Juan', 'Figueroa', 'Calle Palma 432', '555-5430', 'juan.figueroa@email.com', '2024-02-14', 'LEAL'),
(45, 'Tatiana', 'Martínez', 'Calle Rosa 987', '555-2344', 'tatiana.martinez@email.com', '2024-02-15', 'NUEVO'),
(46, 'José', 'Serrano', 'Calle Luna 765', '555-5435', 'jose.serrano@email.com', '2024-02-16', 'REGULAR'),
(47, 'Marta', 'Fernández', 'Av. Sur 432', '555-8762', 'marta.fernandez@email.com', '2024-02-17', 'LEAL'),
(48, 'Cristina', 'Torres', 'Calle Independencia 210', '555-7653', 'cristina.torres@email.com', '2024-02-18', 'NUEVO'),
(49, 'Vicente', 'Hernández', 'Calle Fase 654', '555-3213', 'vicente.hernandez@email.com', '2024-02-19', 'REGULAR'),
(50, 'Rocío', 'Díaz', 'Av. Primavera 321', '555-4320', 'rocio.diaz@email.com', '2024-02-20', 'LEAL');

-- Inserts para la tabla servicios
INSERT INTO servicios (id_servicio, nombre_servicio, descripcion, precio, tipo) VALUES
(1, 'Internet Fibra', 'Servicio de internet de alta velocidad por fibra óptica', 40.99, 'FIBRA'),
(2, 'Plan Básico Móvil', 'Plan móvil con 1GB de datos y llamadas limitadas', 15.50, 'POSPAGO'),
(3, 'Plan Avanzado Móvil', 'Plan móvil con 5GB de datos y llamadas ilimitadas', 25.75, 'POSPAGO'),
(4, 'Internet 4G', 'Servicio de internet móvil 4G', 30.00, 'PREPAGO'),
(5, 'Televisión Digital', 'Paquete de televisión por satélite con 150 canales', 20.99, 'POSPAGO'),
(6, 'Plan Prepa Móvil', 'Plan prepago con 2GB de datos y 500 minutos', 18.50, 'PREPAGO'),
(7, 'Plan Familiar Fibra', 'Internet de fibra óptica para toda la familia', 55.00, 'FIBRA'),
(8, 'Internet 5G', 'Servicio de internet móvil 5G con alta velocidad', 35.00, 'PREPAGO'),
(9, 'Plan Empresarial', 'Plan corporativo con 10GB de datos y llamadas ilimitadas', 45.99, 'POSPAGO'),
(10, 'Servicio Streaming', 'Acceso a contenido exclusivo de películas y series', 12.00, 'POSPAGO'),
(11, 'Plan Prepago Móvil', 'Paquete básico prepago con 1GB y llamadas limitadas', 12.99, 'PREPAGO'),
(12, 'Internet Básico', 'Servicio de internet de baja velocidad por fibra', 25.00, 'FIBRA'),
(13, 'Móvil Ilimitado', 'Plan móvil con llamadas y datos ilimitados', 40.00, 'POSPAGO'),
(14, 'Servicio de Cloud', 'Almacenamiento en la nube con acceso desde cualquier dispositivo', 7.50, 'POSPAGO'),
(15, 'Plan Corporativo Avanzado', 'Plan empresarial con llamadas internacionales y datos ilimitados', 60.00, 'POSPAGO'),
(16, 'Fibra Óptica Premium', 'Internet de fibra óptica con soporte técnico personalizado', 70.00, 'FIBRA'),
(17, 'Plan Internacional Móvil', 'Plan móvil con 3GB y llamadas internacionales', 30.00, 'POSPAGO'),
(18, 'Acceso 5G', 'Servicio de conexión móvil de última generación 5G', 25.99, 'PREPAGO'),
(19, 'Plan 4G Básico', 'Plan prepago con 1GB de datos y 200 minutos de llamadas', 13.50, 'PREPAGO'),
(20, 'Internet Premium', 'Internet de alta velocidad sin límites de descarga', 45.00, 'FIBRA'),
(21, 'Plan XL Móvil', 'Plan con 10GB de datos y llamadas ilimitadas', 30.99, 'POSPAGO'),
(22, 'Plan Internet Empresarial', 'Servicio de internet de alta velocidad para empresas', 80.00, 'FIBRA'),
(23, 'Paquete IPTV', 'Paquete de televisión por streaming en dispositivos inteligentes', 19.99, 'POSPAGO'),
(24, 'Internet Móvil Ilimitado', 'Servicio de internet móvil ilimitado 4G', 40.00, 'PREPAGO'),
(25, 'Móvil Ilimitado + Internet', 'Combinación de plan móvil ilimitado y acceso a internet 5G', 70.00, 'POSPAGO'),
(26, 'Plan Ejecutivo', 'Plan móvil con 3GB de datos y llamadas ilimitadas para ejecutivos', 40.50, 'POSPAGO'),
(27, 'Servicio de Soporte Avanzado', 'Soporte personalizado para clientes de servicios premium', 15.00, 'POSPAGO'),
(28, 'Plan Básico Fibra', 'Paquete básico de internet de fibra óptica', 35.00, 'FIBRA'),
(29, 'Plan Súper Móvil', 'Plan móvil con 12GB de datos y llamadas ilimitadas', 50.00, 'POSPAGO'),
(30, 'Internet 4G Ultra', 'Servicio de internet móvil con 4GB de datos 4G', 28.99, 'PREPAGO'),
(31, 'Paquete Televisión y Fibra', 'Combinación de televisión por satélite y fibra óptica', 60.00, 'POSPAGO'),
(32, 'Servicio LTE', 'Internet 4G con cobertura LTE', 25.00, 'PREPAGO'),
(33, 'Móvil Mínimo', 'Plan móvil con 500MB de datos y 100 minutos', 10.00, 'PREPAGO'),
(34, 'Fibra Óptica Avanzada', 'Servicio de fibra con velocidad de hasta 1000Mbps', 90.00, 'FIBRA'),
(35, 'Plan Móvil Básico', 'Plan básico de móvil con 1GB de datos', 10.99, 'POSPAGO'),
(36, 'Paquete de Películas', 'Acceso a plataforma de películas por suscripción mensual', 8.99, 'POSPAGO'),
(37, 'Plan 5G Plus', 'Plan de datos ilimitados con tecnología 5G', 45.00, 'POSPAGO'),
(38, 'Internet 5G Ultra', 'Conexión 5G para hogares con alta demanda de datos', 75.00, 'FIBRA'),
(39, 'Televisión HD', 'Paquete de televisión con canales en alta definición', 22.00, 'POSPAGO'),
(40, 'Plan Ultra Móvil', 'Plan móvil con 20GB de datos y llamadas ilimitadas', 60.00, 'POSPAGO'),
(41, 'Paquete 4G Básico', 'Paquete básico de internet 4G', 20.00, 'PREPAGO'),
(42, 'Paquete Móvil y Fibra', 'Combinación de plan móvil y fibra óptica', 85.00, 'POSPAGO'),
(43, 'Móvil Flex', 'Plan móvil flexible con posibilidad de añadir más datos', 22.00, 'POSPAGO'),
(44, 'Plan V.I.P. Internet', 'Plan de fibra óptica de alta velocidad y soporte prioritario', 100.00, 'FIBRA'),
(45, 'Plan Móvil Plus', 'Paquete móvil con 15GB de datos y llamadas ilimitadas', 48.00, 'POSPAGO'),
(46, 'Fibra 1GB', 'Internet de fibra óptica con velocidad de hasta 1GBps', 85.00, 'FIBRA'),
(47, 'Plan Empresa 4G', 'Plan móvil para empresas con 10GB de datos', 50.00, 'POSPAGO'),
(48, 'Internet 4G Avanzado', 'Internet móvil 4G avanzado con 8GB de datos', 33.00, 'PREPAGO'),
(49, 'Plan Senior', 'Plan para personas mayores con 1GB de datos y llamadas limitadas', 12.00, 'POSPAGO'),
(50, 'Servicio Full HD', 'Paquete de televisión con canales en calidad Full HD', 25.00, 'POSPAGO');

-- Inserts para la tabla bonificaciones
INSERT INTO bonificaciones (id_bonificacion, id_usuario, tipo_bonificacion, monto, fecha_asignacion) VALUES
(1, 1, 'DESCUENTO', 5.00, '2024-01-01'),
(2, 2, 'DESCUENTO', 3.00, '2024-01-03'),
(3, 3, 'SERVICIO GRATUITO', NULL, '2024-01-05'),
(4, 4, 'DESCUENTO', 2.50, '2024-01-07'),
(5, 5, 'SERVICIO GRATUITO', NULL, '2024-01-09'),
(6, 6, 'DESCUENTO', 4.00, '2024-01-11'),
(7, 7, 'SERVICIO GRATUITO', NULL, '2024-01-13'),
(8, 8, 'DESCUENTO', 1.00, '2024-01-15'),
(9, 9, 'SERVICIO GRATUITO', NULL, '2024-01-17'),
(10, 10, 'DESCUENTO', 6.00, '2024-01-19'),
(11, 11, 'DESCUENTO', 3.50, '2024-01-21'),
(12, 12, 'SERVICIO GRATUITO', NULL, '2024-01-23'),
(13, 13, 'DESCUENTO', 7.00, '2024-01-25'),
(14, 14, 'SERVICIO GRATUITO', NULL, '2024-01-27'),
(15, 15, 'DESCUENTO', 5.50, '2024-01-29'),
(16, 16, 'SERVICIO GRATUITO', NULL, '2024-01-31'),
(17, 17, 'DESCUENTO', 2.00, '2024-02-02'),
(18, 18, 'DESCUENTO', 8.00, '2024-02-04'),
(19, 19, 'SERVICIO GRATUITO', NULL, '2024-02-06'),
(20, 20, 'DESCUENTO', 9.00, '2024-02-08'),
(21, 21, 'SERVICIO GRATUITO', NULL, '2024-02-10'),
(22, 22, 'DESCUENTO', 3.75, '2024-02-12'),
(23, 23, 'SERVICIO GRATUITO', NULL, '2024-02-14'),
(24, 24, 'DESCUENTO', 6.50, '2024-02-16'),
(25, 25, 'DESCUENTO', 1.50, '2024-02-18'),
(26, 26, 'SERVICIO GRATUITO', NULL, '2024-02-20'),
(27, 27, 'DESCUENTO', 10.00, '2024-02-22'),
(28, 28, 'DESCUENTO', 4.50, '2024-02-24'),
(29, 29, 'SERVICIO GRATUITO', NULL, '2024-02-26'),
(30, 30, 'DESCUENTO', 7.50, '2024-02-28'),
(31, 31, 'DESCUENTO', 6.00, '2024-03-01'),
(32, 32, 'SERVICIO GRATUITO', NULL, '2024-03-03'),
(33, 33, 'DESCUENTO', 5.00, '2024-03-05'),
(34, 34, 'SERVICIO GRATUITO', NULL, '2024-03-07'),
(35, 35, 'DESCUENTO', 2.00, '2024-03-09'),
(36, 36, 'DESCUENTO', 8.50, '2024-03-11'),
(37, 37, 'SERVICIO GRATUITO', NULL, '2024-03-13'),
(38, 38, 'DESCUENTO', 4.50, '2024-03-15'),
(39, 39, 'SERVICIO GRATUITO', NULL, '2024-03-17'),
(40, 40, 'DESCUENTO', 5.50, '2024-03-19'),
(41, 41, 'DESCUENTO', 7.50, '2024-03-21'),
(42, 42, 'SERVICIO GRATUITO', NULL, '2024-03-23'),
(43, 43, 'DESCUENTO', 3.25, '2024-03-25'),
(44, 44, 'DESCUENTO', 2.00, '2024-03-27'),
(45, 45, 'SERVICIO GRATUITO', NULL, '2024-03-29'),
(46, 46, 'DESCUENTO', 4.25, '2024-03-31'),
(47, 47, 'DESCUENTO', 9.00, '2024-04-02'),
(48, 48, 'SERVICIO GRATUITO', NULL, '2024-04-04'),
(49, 49, 'DESCUENTO', 6.50, '2024-04-06'),
(50, 50, 'DESCUENTO', 8.00, '2024-04-08');

-- Inserts para la tabla reportes
INSERT INTO reportes (id_reporte, nombre_reporte, descripcion, fecha_creacion, tipo_reporte) VALUES
(1, 'Reporte de ventas', 'Reporte sobre las ventas de servicios durante el mes de enero.', '2024-01-10', 'Financiero'),
(2, 'Reporte de usuarios', 'Reporte sobre la cantidad de usuarios registrados en enero.', '2024-01-12', 'Operacional'),
(3, 'Reporte de contrataciones', 'Reporte detallado sobre las contrataciones de servicios.', '2024-01-14', 'Operacional'),
(4, 'Reporte de cancelaciones', 'Reporte sobre los servicios cancelados durante enero.', '2024-01-16', 'Operacional'),
(5, 'Reporte de ingresos', 'Reporte sobre los ingresos generados durante enero.', '2024-01-18', 'Financiero'),
(6, 'Reporte de bonificaciones', 'Reporte de las bonificaciones otorgadas a los usuarios.', '2024-01-20', 'Operacional'),
(7, 'Reporte de feedback', 'Reporte sobre la satisfacción de los clientes con los servicios.', '2024-01-22', 'Operacional'),
(8, 'Reporte de pagos', 'Reporte sobre los pagos realizados por los usuarios.', '2024-01-24', 'Financiero'),
(9, 'Reporte de renovaciones', 'Reporte sobre las renovaciones de servicios en enero.', '2024-01-26', 'Operacional'),
(10, 'Reporte de soporte técnico', 'Reporte sobre los tickets de soporte técnico y su resolución.', '2024-01-28', 'Operacional'),
(11, 'Reporte de promociones', 'Reporte sobre las promociones y su impacto en las ventas.', '2024-02-01', 'Financiero'),
(12, 'Reporte de crecimiento de usuarios', 'Reporte sobre el aumento en la cantidad de usuarios.', '2024-02-03', 'Operacional'),
(13, 'Reporte de costos operativos', 'Reporte sobre los costos operativos durante enero.', '2024-02-05', 'Financiero'),
(14, 'Reporte de desempeño de servicios', 'Reporte sobre el desempeño de los servicios ofrecidos.', '2024-02-07', 'Operacional'),
(15, 'Reporte de marketing', 'Reporte sobre las campañas de marketing y sus resultados.', '2024-02-09', 'Operacional'),
(16, 'Reporte de ingresos por servicio', 'Reporte detallado de ingresos por tipo de servicio.', '2024-02-11', 'Financiero'),
(17, 'Reporte de tendencias de usuarios', 'Reporte sobre las tendencias en el uso de servicios por los usuarios.', '2024-02-13', 'Operacional'),
(18, 'Reporte de cancelaciones masivas', 'Reporte sobre cancelaciones masivas de servicios.', '2024-02-15', 'Operacional'),
(19, 'Reporte de fallas en servicio', 'Reporte sobre las fallas de los servicios prestados durante enero.', '2024-02-17', 'Operacional'),
(20, 'Reporte de devolución de pagos', 'Reporte sobre las devoluciones de pagos realizadas a los clientes.', '2024-02-19', 'Financiero'),
(21, 'Reporte de desempeño comercial', 'Reporte sobre el desempeño de los comerciales.', '2024-02-21', 'Operacional'),
(22, 'Reporte de expansión', 'Reporte sobre la expansión de cobertura en nuevas zonas.', '2024-02-23', 'Operacional'),
(23, 'Reporte de facturación', 'Reporte de facturación mensual y clientes.', '2024-02-25', 'Financiero'),
(24, 'Reporte de nuevas contrataciones', 'Reporte sobre las nuevas contrataciones de servicios.', '2024-02-27', 'Operacional'),
(25, 'Reporte de tendencias de cancelaciones', 'Reporte sobre las razones de cancelación de servicios.', '2024-02-29', 'Operacional'),
(26, 'Reporte de inversión en infraestructura', 'Reporte sobre la inversión en infraestructura de red.', '2024-03-02', 'Financiero'),
(27, 'Reporte de costo-beneficio', 'Reporte sobre el costo-beneficio de los servicios en comparación con su rentabilidad.', '2024-03-04', 'Financiero'),
(28, 'Reporte de optimización de servicios', 'Reporte sobre optimizaciones realizadas a los servicios.', '2024-03-06', 'Operacional'),
(29, 'Reporte de estadísticas de uso de internet', 'Reporte sobre el uso de los servicios de internet.', '2024-03-08', 'Operacional'),
(30, 'Reporte de satisfacción de empleados', 'Reporte sobre la satisfacción de los empleados.', '2024-03-10', 'Operacional'),
(31, 'Reporte de cambios en tarifas', 'Reporte sobre los cambios realizados en las tarifas de los servicios.', '2024-03-12', 'Operacional'),
(32, 'Reporte de ingresos por tipo de cliente', 'Reporte de ingresos por categoría de usuario.', '2024-03-14', 'Financiero'),
(33, 'Reporte de evaluación de rendimiento', 'Reporte sobre la evaluación del rendimiento de los equipos.', '2024-03-16', 'Operacional'),
(34, 'Reporte de uso de datos', 'Reporte sobre el uso de datos en los servicios móviles.', '2024-03-18', 'Operacional'),
(35, 'Reporte de proyectos de innovación', 'Reporte sobre los proyectos de innovación en los servicios.', '2024-03-20', 'Operacional'),
(36, 'Reporte de análisis de competencia', 'Reporte sobre el análisis de la competencia en el mercado.', '2024-03-22', 'Operacional'),
(37, 'Reporte de migración de usuarios', 'Reporte sobre la migración de usuarios a nuevos servicios.', '2024-03-24', 'Operacional'),
(38, 'Reporte de cancelaciones por motivo', 'Reporte de cancelaciones de servicios por motivo', '2024-03-26', 'Operacional'),
(39, 'Reporte de estadísticas de tráfico de red', 'Reporte sobre el tráfico de datos en la red.', '2024-03-28', 'Operacional'),
(40, 'Reporte de rendimientos de fibra óptica', 'Reporte sobre el rendimiento de los servicios de fibra óptica.', '2024-03-30', 'Operacional');

-- Inserts para la tabla contrataciones
INSERT INTO contrataciones (id_contratacion, id_usuario, id_servicio, fecha_contratacion) VALUES
(1, 1, 3, '2024-01-01'),
(2, 2, 1, '2024-01-05'),
(3, 3, 5, '2024-01-08'),
(4, 4, 6, '2024-01-10'),
(5, 5, 8, '2024-01-14'),
(6, 6, 10, '2024-01-20'),
(7, 7, 2, '2024-01-25'),
(8, 8, 4, '2024-01-30'),
(9, 9, 7, '2024-02-02'),
(10, 10, 9, '2024-02-05'),
(11, 11, 11, '2024-02-09'),
(12, 12, 12, '2024-02-12'),
(13, 13, 13, '2024-02-15'),
(14, 14, 14, '2024-02-18'),
(15, 15, 15, '2024-02-22'),
(16, 16, 16, '2024-02-26'),
(17, 17, 17, '2024-03-02'),
(18, 18, 18, '2024-03-06'),
(19, 19, 19, '2024-03-10'),
(20, 20, 20, '2024-03-15'),
(21, 21, 21, '2024-03-18'),
(22, 22, 22, '2024-03-22'),
(23, 23, 23, '2024-03-25'),
(24, 24, 24, '2024-03-28'),
(25, 25, 25, '2024-04-02'),
(26, 26, 26, '2025-01-03'),
(27, 27, 27, '2025-01-07'),
(28, 28, 28, '2025-01-12'),
(29, 29, 29, '2025-01-17'),
(30, 30, 30, '2025-01-22'),
(31, 31, 31, '2025-01-26'),
(32, 32, 32, '2025-01-29'),
(33, 33, 33, '2025-02-02'),
(34, 34, 34, '2025-02-06'),
(35, 35, 35, '2025-02-09'),
(36, 36, 36, '2025-02-12'),
(37, 37, 37, '2025-02-16'),
(38, 38, 38, '2025-02-20'),
(39, 39, 39, '2025-02-23'),
(40, 40, 40, '2025-02-27'),
(41, 41, 41, '2025-03-02'),
(42, 42, 42, '2025-03-06'),
(43, 43, 43, '2025-03-09'),
(44, 44, 44, '2025-03-13'),
(45, 45, 45, '2025-03-17'),
(46, 46, 46, '2025-03-21'),
(47, 47, 47, '2025-03-24'),
(48, 48, 48, '2025-03-28'),
(49, 49, 49, '2025-03-31'),
(50, 50, 50, '2025-04-04');

INSERT INTO roles (nombre_rol, descripcion) VALUES
('Administrador', 'Acceso total al sistema'),
('Asesor de Ventas', 'Gestión de servicios y usuarios asociados a bonificaciones'),
('Encargado de Reportes', 'Acceso exclusivo al módulo de reportes'),
('Gestor de Servicios', 'CRUD de servicios ofrecidos por la empresa'),
('Encargado de Fidelización', 'Gestión de clientes leales y bonificaciones');

INSERT INTO permisos (nombre_permiso, descripcion) VALUES
('GESTION_TOTAL', 'Acceso total al sistema'),
('GESTION_SERVICIOS', 'Crear, leer, actualizar y eliminar servicios'),
('GESTION_BONIFICACIONES', 'Gestionar bonificaciones para usuarios'),
('GESTION_REPORTES', 'Acceso al módulo de reportes'),
('GESTION_CLIENTES_LEALES', 'Gestión de clientes leales y bonificaciones');

-- Administrador
INSERT INTO roles_permisos (id_rol, id_permiso) VALUES
(1, 1); -- GESTION_TOTAL

-- Asesor de Ventas
INSERT INTO roles_permisos (id_rol, id_permiso) VALUES
(2, 2), -- GESTION_SERVICIOS
(2, 3); -- GESTION_BONIFICACIONES

-- Encargado de Reportes
INSERT INTO roles_permisos (id_rol, id_permiso) VALUES
(3, 4); -- GESTION_REPORTES

-- Gestor de Servicios
INSERT INTO roles_permisos (id_rol, id_permiso) VALUES
(4, 2); -- GESTION_SERVICIOS

-- Encargado de Fidelización
INSERT INTO roles_permisos (id_rol, id_permiso) VALUES
(5, 3), -- GESTION_BONIFICACIONES
(5, 5); -- GESTION_CLIENTES_LEALES
